ID,ISDELETED,NAME,MAIN.NAME,AIRPORT.NAME,SITE_LOCATION__LATITUDE__S,SITE_LOCATION__LONGITUDE__S,SITE_SERVICES__C,SITE_STATUS__C,LOCATION,TYPE__C
n1392685764,FALSE,CYEG346,CYEG346,CYEG,53.30970001,-113.5800018,ENG;PRT;FUL,Active,CA-AB,MAIN
n1840034016,FALSE,YOW420,YOW420,YOW,45.32249832,-75.66919708,ENG;PRT;FUL,Active,CA-ON,MAIN
n1484247881,FALSE,YUL290,YUL290,YUL,45.47060013,-73.74079895,ENG;PRT;FUL,Active,CA-QC,MAIN
n1356226629,FALSE,YWG179,YWG179,YWG,49.90999985,-97.23989868,ENG;PRT;FUL,Active,CA-MB,MAIN
n1076532519,FALSE,YYZ525,YYZ525,YYZ,43.67720032,-79.63059998,ENG;PRT;FUL,Active,CA-ON,MAIN
n1356872604,FALSE,ABQ385,ABQ385,ABQ,35.040199,-106.609001,ENG;PRT;FUL,Active,US-NM,MAIN
n1156073548,FALSE,ADW85,ADW85,ADW,38.810799,-76.866997,ENG;PRT;FUL,Active,US-MD,MAIN
n1356060520,FALSE,AFW487,AFW487,AFW,32.98759842,-97.31880188,ENG;PRT;FUL,Active,US-TX,MAIN
n1840020491,FALSE,AGS114,AGS114,AGS,33.36989975,-81.96450043,ENG;PRT;FUL,Active,US-GA,MAIN
n1050529279,FALSE,AMA37,AMA37,AMA,35.219398,-101.706001,ENG;PRT;FUL,Active,US-TX,MAIN
n1032717330,FALSE,ATL349,ATL349,ATL,33.6367,-84.428101,ENG;PRT;FUL,Active,US-GA,MAIN
n1586129469,FALSE,AUS545,AUS545,AUS,30.19449997,-97.66989899,ENG;PRT;FUL,Active,US-TX,MAIN
n1818253931,FALSE,AVL118,AVL118,AVL,35.43619919,-82.54180145,ENG;PRT;FUL,Active,US-NC,MAIN
n1076887657,FALSE,BAB139,BAB139,BAB,39.13610077,-121.4369965,ENG;PRT;FUL,Active,US-CA,MAIN
n1392419823,FALSE,BAD397,BAD397,BAD,32.50180054,-93.66269684,ENG;PRT;FUL,Active,US-LA,MAIN
n1156228865,FALSE,BDL226,BDL226,BDL,41.93889999,-72.68319702,ENG;PRT;FUL,Active,US-CT,MAIN
n1608618140,FALSE,BFI381,BFI381,BFI,47.52999878,-122.302002,ENG;PRT;FUL,Active,US-WA,MAIN
n1643318494,FALSE,BGR143,BGR143,BGR,44.80739975,-68.82810211,ENG;PRT;FUL,Active,US-ME,MAIN
n1792756324,FALSE,BHM541,BHM541,BHM,33.56290054,-86.75350189,ENG;PRT;FUL,Active,US-AL,MAIN
n1250015082,FALSE,BIL50,BIL50,BIL,45.80770111,-108.5429993,ENG;PRT;FUL,Active,US-MT,MAIN
n1410836482,FALSE,BLV332,BLV332,BLV,38.5452,-89.835197,ENG;PRT;FUL,Active,US-IL,MAIN
n1566593751,FALSE,BMI347,BMI347,BMI,40.47710037,-88.91590118,ENG;PRT;FUL,Active,US-IL,MAIN
n1360771077,FALSE,BNA306,BNA306,BNA,36.12450027,-86.67819977,ENG;PRT;FUL,Active,US-TN,MAIN
n1156237133,FALSE,BOI499,BOI499,BOI,43.5644,-116.223,ENG;PRT;FUL,Active,US-ID,MAIN
n1840000494,FALSE,BOS461,BOS461,BOS,42.36429977,-71.00520325,ENG;PRT;FUL,Active,US-MA,MAIN
n1826645935,FALSE,BUF540,BUF540,BUF,42.94049835,-78.73220062,ENG;PRT;FUL,Active,US-NY,MAIN
n1604728603,FALSE,BWI291,BWI291,BWI,39.1754,-76.668297,ENG;PRT;FUL,Active,US-MD,MAIN
n1364305026,FALSE,CAE87,CAE87,CAE,33.93880081,-81.11949921,ENG;PRT;FUL,Active,US-SC,MAIN
n1180000363,FALSE,CBM126,CBM126,CBM,33.64379883,-88.44380188,ENG;PRT;FUL,Active,US-MS,MAIN
n1170483426,FALSE,CHA389,CHA389,CHA,35.03530121,-85.20379639,ENG;PRT;FUL,Active,US-TN,MAIN
n1156158707,FALSE,CHS53,CHS53,CHS,32.89860153,-80.04049683,ENG;PRT;FUL,Active,US-SC,MAIN
n1156117184,FALSE,CID69,CID69,CID,41.88470078,-91.71080017,ENG;PRT;FUL,Active,US-IA,MAIN
n1344982653,FALSE,CLE472,CLE472,CLE,41.4117012,-81.84980011,ENG;PRT;FUL,Active,US-OH,MAIN
n1156174046,FALSE,CLT401,CLT401,CLT,35.2140007,-80.94309998,ENG;PRT;FUL,Active,US-NC,MAIN
n1356374944,FALSE,CMH151,CMH151,CMH,39.998001,-82.891899,ENG;PRT;FUL,Active,US-OH,MAIN
n1158881289,FALSE,COS37,COS37,COS,38.805801,-104.700996,ENG;PRT;FUL,Active,US-CO,MAIN
n1356410365,FALSE,CRP131,CRP131,CRP,27.77039909,-97.50119781,ENG;PRT;FUL,Active,US-TX,MAIN
n1764068610,FALSE,CRW517,CRW517,CRW,38.37310028,-81.59320068,ENG;PRT;FUL,Active,US-WV,MAIN
n1586801463,FALSE,CVG548,CVG548,CVG,39.04880142,-84.6678009,ENG;PRT;FUL,Active,US-KY,MAIN
n1156936556,FALSE,CVS221,CVS221,CVS,34.38280106,-103.3219986,ENG;PRT;FUL,Active,US-NM,MAIN
n1840015149,FALSE,DAB134,DAB134,DAB,29.179899,-81.058098,ENG;PRT;FUL,Active,US-FL,MAIN
n1356871768,FALSE,DAL360,DAL360,DAL,32.847099,-96.851799,ENG;PRT;FUL,Active,US-TX,MAIN
n1840019440,FALSE,DAY481,DAY481,DAY,39.90240097,-84.2193985,ENG;PRT;FUL,Active,US-OH,MAIN
n1152554349,FALSE,DBQ15,DBQ15,DBQ,42.40200043,-90.70950317,ENG;PRT;FUL,Active,US-IA,MAIN
n1840000673,FALSE,DCA145,DCA145,DCA,38.8521,-77.037697,ENG;PRT;FUL,Active,US-DC,MAIN
n1076967355,FALSE,DEN569,DEN569,DEN,39.86169815,-104.6729965,ENG;PRT;FUL,Active,US-CO,MAIN
n1724616994,FALSE,DFW433,DFW433,DFW,32.896801,-97.038002,ENG;PRT;FUL,Active,US-TX,MAIN
n1840020925,FALSE,DLF171,DLF171,DLF,29.359501,-100.778002,ENG;PRT;FUL,Active,US-TX,MAIN
n1356304381,FALSE,DLH42,DLH42,DLH,46.84209824,-92.19360352,ENG;PRT;FUL,Active,US-MN,MAIN
n1704774326,FALSE,DOV486,DOV486,DOV,39.12950134,-75.46600342,ENG;PRT;FUL,Active,US-DE,MAIN
n1840006060,FALSE,DSM464,DSM464,DSM,41.5340004,-93.6631012,ENG;PRT;FUL,Active,US-IA,MAIN
n1840013660,FALSE,DTW122,DTW122,DTW,42.21239853,-83.35340118,ENG;PRT;FUL,Active,US-MI,MAIN
n1124279679,FALSE,DYS394,DYS394,DYS,32.42079926,-99.854599,ENG;PRT;FUL,Active,US-TX,MAIN
n1702341327,FALSE,EDW406,EDW406,EDW,34.905399,-117.884003,ENG;PRT;FUL,Active,US-CA,MAIN
n1024949724,FALSE,END235,END235,END,36.33919907,-97.91649628,ENG;PRT;FUL,Active,US-OK,MAIN
n1368596238,FALSE,ERI29,ERI29,ERI,42.08312701,-80.17386675,ENG;PRT;FUL,Active,US-PA,MAIN
n1724594040,FALSE,EWR362,EWR362,EWR,40.69250107,-74.16870117,ENG;PRT;FUL,Active,US-NJ,MAIN
n1356986516,FALSE,FFO572,FFO572,FFO,39.8260994,-84.0483017,ENG;PRT;FUL,Active,US-OH,MAIN
n1156309382,FALSE,FLL484,FLL484,FLL,26.072599,-80.152702,ENG;PRT;FUL,Active,US-FL,MAIN
n1729268475,FALSE,FSM492,FSM492,FSM,35.33660126,-94.36740112,ENG;PRT;FUL,Active,US-AR,MAIN
n1356081074,FALSE,FTW506,FTW506,FTW,32.819801,-97.362396,ENG;PRT;FUL,Active,US-TX,MAIN
n1840000455,FALSE,FWA284,FWA284,FWA,40.97850037,-85.19509888,ENG;PRT;FUL,Active,US-IN,MAIN
n1036074917,FALSE,GEG113,GEG113,GEG,47.61989975,-117.5339966,ENG;PRT;FUL,Active,US-WA,MAIN
n1643616350,FALSE,GPT83,GPT83,GPT,30.40730095,-89.07009888,ENG;PRT;FUL,Active,US-MS,MAIN
n1050830722,FALSE,GRB502,GRB502,GRB,44.48509979,-88.12960052,ENG;PRT;FUL,Active,US-WI,MAIN
n1156478242,FALSE,GSB305,GSB305,GSB,35.33940125,-77.96060181,ENG;PRT;FUL,Active,US-NC,MAIN
n1682999334,FALSE,GSO99,GSO99,GSO,36.09780121,-79.93730164,ENG;PRT;FUL,Active,US-NC,MAIN
n1704413791,FALSE,GSP91,GSP91,GSP,34.89569855,-82.21890259,ENG;PRT;FUL,Active,US-SC,MAIN
n1484950208,FALSE,GUS593,GUS593,GUS,40.64810181,-86.15209961,ENG;PRT;FUL,Active,US-IN,MAIN
n1036533631,FALSE,HIB399,HIB399,HIB,47.38660049,-92.83899689,ENG;PRT;FUL,Active,US-MN,MAIN
n1818695837,FALSE,HMN119,HMN119,HMN,32.85250092,-106.1070023,ENG;PRT;FUL,Active,US-NM,MAIN
n1156421555,FALSE,HOU112,HOU112,HOU,29.64539909,-95.27890015,ENG;PRT;FUL,Active,US-TX,MAIN
n1104616656,FALSE,HSV180,HSV180,HSV,34.6371994,-86.77510071,ENG;PRT;FUL,Active,US-AL,MAIN
n1840020568,FALSE,HTS231,HTS231,HTS,38.36669922,-82.55799866,ENG;PRT;FUL,Active,US-WV,MAIN
n1156244079,FALSE,IAD351,IAD351,IAD,38.94449997,-77.45580292,ENG;PRT;FUL,Active,US-DC,MAIN
n1076658221,FALSE,IAH132,IAH132,IAH,29.9843998,-95.34140015,ENG;PRT;FUL,Active,US-TX,MAIN
n1356758738,FALSE,ICT351,ICT351,ICT,37.649899,-97.433098,ENG;PRT;FUL,Active,US-KS,MAIN
n1156868701,FALSE,IND413,IND413,IND,39.7173,-86.294403,ENG;PRT;FUL,Active,US-IN,MAIN
n1384207980,FALSE,JAN310,JAN310,JAN,32.31119919,-90.07589722,ENG;PRT;FUL,Active,US-MS,MAIN
n1076144436,FALSE,JAX283,JAX283,JAX,30.49410057,-81.68789673,ENG;PRT;FUL,Active,US-FL,MAIN
n1792572891,FALSE,JFK162,JFK162,JFK,40.63980103,-73.77890015,ENG;PRT;FUL,Active,US-NY,MAIN
n1484559591,FALSE,JLN496,JLN496,JLN,37.15179825,-94.49829865,ENG;PRT;FUL,Active,US-MO,MAIN
n1392118339,FALSE,LAS491,LAS491,LAS,36.08010101,-115.1520004,ENG;PRT;FUL,Active,US-NV,MAIN
n1156644065,FALSE,LAX207,LAX207,LAX,33.94250107,-118.4079971,ENG;PRT;FUL,Active,US-CA,MAIN
n1124586170,FALSE,LBB588,LBB588,LBB,33.663601,-101.822998,ENG;PRT;FUL,Active,US-TX,MAIN
n1156932620,FALSE,LCK293,LCK293,LCK,39.813801,-82.927803,ENG;PRT;FUL,Active,US-OH,MAIN
n1076137337,FALSE,LEX583,LEX583,LEX,38.03649902,-84.60590363,ENG;PRT;FUL,Active,US-KY,MAIN
n1840021117,FALSE,LFI122,LFI122,LFI,37.082901,-76.36049652,ENG;PRT;FUL,Active,US-VA,MAIN
n1156241528,FALSE,LFT435,LFT435,LFT,30.20529938,-91.98760223,ENG;PRT;FUL,Active,US-LA,MAIN
n1840021543,FALSE,LGA432,LGA432,LGA,40.77719879,-73.87259674,ENG;PRT;FUL,Active,US-NY,MAIN
n1076567885,FALSE,LIT527,LIT527,LIT,34.72940063,-92.22429657,ENG;PRT;FUL,Active,US-AR,MAIN
n1156241637,FALSE,LTS397,LTS397,LTS,34.667099,-99.26670074,ENG;PRT;FUL,Active,US-OK,MAIN
n1840003971,FALSE,LUF471,LUF471,LUF,33.53499985,-112.3830032,ENG;PRT;FUL,Active,US-AZ,MAIN
n1076923789,FALSE,MBS201,MBS201,MBS,43.53290176,-84.07959747,ENG;PRT;FUL,Active,US-MI,MAIN
n1410601465,FALSE,MCF535,MCF535,MCF,27.84930038,-82.52120209,ENG;PRT;FUL,Active,US-FL,MAIN
n1710550792,FALSE,MCI551,MCI551,MCI,39.2976,-94.713898,ENG;PRT;FUL,Active,US-MO,MAIN
n1276451290,FALSE,MCO590,MCO590,MCO,28.42939949,-81.30899811,ENG;PRT;FUL,Active,US-FL,MAIN
n1012973369,FALSE,MDW127,MDW127,MDW,41.785999,-87.752403,ENG;PRT;FUL,Active,US-IL,MAIN
n1380382862,FALSE,MEM478,MEM478,MEM,35.04240036,-89.97669983,ENG;PRT;FUL,Active,US-TN,MAIN
n1408738594,FALSE,MGE146,MGE146,MGE,33.91540146,-84.51629639,ENG;PRT;FUL,Active,US-GA,MAIN
n1170680389,FALSE,MGM123,MGM123,MGM,32.30059814,-86.39399719,ENG;PRT;FUL,Active,US-AL,MAIN
n1004993580,FALSE,MHT596,MHT596,MHT,42.932598,-71.435699,ENG;PRT;FUL,Active,US-NH,MAIN
n1300715560,FALSE,MIA280,MIA280,MIA,25.79319954,-80.29060364,ENG;PRT;FUL,Active,US-FL,MAIN
n1392407472,FALSE,MKE534,MKE534,MKE,42.94720078,-87.89659882,ENG;PRT;FUL,Active,US-WI,MAIN
n1710680650,FALSE,MLI430,MLI430,MLI,41.44850159,-90.50749969,ENG;PRT;FUL,Active,US-IL,MAIN
n1840021990,FALSE,MLU102,MLU102,MLU,32.51089859,-92.03769684,ENG;PRT;FUL,Active,US-LA,MAIN
n1156078103,FALSE,MOB367,MOB367,MOB,30.69120026,-88.24279785,ENG;PRT;FUL,Active,US-AL,MAIN
n1504175315,FALSE,MSN48,MSN48,MSN,43.13990021,-89.33750153,ENG;PRT;FUL,Active,US-WI,MAIN
n1156175472,FALSE,MSP209,MSP209,MSP,44.882,-93.221802,ENG;PRT;FUL,Active,US-MN,MAIN
n1356575238,FALSE,MSY241,MSY241,MSY,29.99340057,-90.25800323,ENG;PRT;FUL,Active,US-LA,MAIN
n1566422868,FALSE,MUO343,MUO343,MUO,43.043598,-115.872002,ENG;PRT;FUL,Active,US-ID,MAIN
n1376401542,FALSE,OAK310,OAK310,OAK,37.721298,-122.221001,ENG;PRT;FUL,Active,US-CA,MAIN
n1231824991,FALSE,OKC159,OKC159,OKC,35.39310074,-97.60070038,ENG;PRT;FUL,Active,US-OK,MAIN
n1076701712,FALSE,OMA274,OMA274,OMA,41.3032,-95.894096,ENG;PRT;FUL,Active,US-NE,MAIN
n1156381094,FALSE,ONT310,ONT310,ONT,34.05599976,-117.6009979,ENG;PRT;FUL,Active,US-CA,MAIN
n1682926944,FALSE,ORD56,ORD56,ORD,41.9786,-87.9048,ENG;PRT;FUL,Active,US-IL,MAIN
n1404000661,FALSE,ORF94,ORF94,ORF,36.89459991,-76.20120239,ENG;PRT;FUL,Active,US-VA,MAIN
n1156275243,FALSE,PAM165,PAM165,PAM,30.06959915,-85.57540131,ENG;PRT;FUL,Active,US-FL,MAIN
n1710880986,FALSE,PBI375,PBI375,PBI,26.68320084,-80.09559631,ENG;PRT;FUL,Active,US-FL,MAIN
n1862748204,FALSE,PDX563,PDX563,PDX,45.58869934,-122.5979996,ENG;PRT;FUL,Active,US-OR,MAIN
n1380724377,FALSE,PHF374,PHF374,PHF,37.13190079,-76.49299622,ENG;PRT;FUL,Active,US-VA,MAIN
n1276171358,FALSE,PHL69,PHL69,PHL,39.87189865,-75.2410965,ENG;PRT;FUL,Active,US-PA,MAIN
n1156477539,FALSE,PHX558,PHX558,PHX,33.43429947,-112.012001,ENG;PRT;FUL,Active,US-AZ,MAIN
n1834843853,FALSE,PIA124,PIA124,PIA,40.66419983,-89.69329834,ENG;PRT;FUL,Active,US-IL,MAIN
n1840007830,FALSE,PIT568,PIT568,PIT,40.49150085,-80.23290253,ENG;PRT;FUL,Active,US-PA,MAIN
n1356293537,FALSE,PVD315,PVD315,PVD,41.732601,-71.420403,ENG;PRT;FUL,Active,US-RI,MAIN
n1156632014,FALSE,PWM405,PWM405,PWM,43.64619827,-70.30930328,ENG;PRT;FUL,Active,US-ME,MAIN
n1276054552,FALSE,RDU516,RDU516,RDU,35.87760162,-78.78749847,ENG;PRT;FUL,Active,US-NC,MAIN
n1156112588,FALSE,RFD156,RFD156,RFD,42.19540024,-89.09719849,ENG;PRT;FUL,Active,US-IL,MAIN
n1360484663,FALSE,RIC103,RIC103,RIC,37.50519943,-77.31970215,ENG;PRT;FUL,Active,US-VA,MAIN
n1620619017,FALSE,RND272,RND272,RND,29.52969933,-98.27890015,ENG;PRT;FUL,Active,US-TX,MAIN
n1840015982,FALSE,RNO329,RNO329,RNO,39.49909973,-119.7679977,ENG;PRT;FUL,Active,US-NV,MAIN
n1156972469,FALSE,ROA365,ROA365,ROA,37.3255,-79.975403,ENG;PRT;FUL,Active,US-VA,MAIN
n1392576294,FALSE,ROC488,ROC488,ROC,43.1189003,-77.67240143,ENG;PRT;FUL,Active,US-NY,MAIN
n1076145766,FALSE,RST35,RST35,RST,43.90829849,-92.5,ENG;PRT;FUL,Active,US-MN,MAIN
n1840018789,FALSE,RSW400,RSW400,RSW,26.53619957,-81.75520325,ENG;PRT;FUL,Active,US-FL,MAIN
n1158331334,FALSE,SAN278,SAN278,SAN,32.73360062,-117.1900024,ENG;PRT;FUL,Active,US-CA,MAIN
n1608974097,FALSE,SAT388,SAT388,SAT,29.53370094,-98.46980286,ENG;PRT;FUL,Active,US-TX,MAIN
n1616798495,FALSE,SAV9,SAV9,SAV,32.12760162,-81.20210266,ENG;PRT;FUL,Active,US-GA,MAIN
n1760366651,FALSE,SBN503,SBN503,SBN,41.70869827,-86.31729889,ENG;PRT;FUL,Active,US-IN,MAIN
n1710149138,FALSE,SDF483,SDF483,SDF,38.1744,-85.736,ENG;PRT;FUL,Active,US-KY,MAIN
n1804382913,FALSE,SEA569,SEA569,SEA,47.449001,-122.308998,ENG;PRT;FUL,Active,US-WA,MAIN
n1356891790,FALSE,SFB574,SFB574,SFB,28.77759933,-81.23750305,ENG;PRT;FUL,Active,US-FL,MAIN
n1818925479,FALSE,SFO110,SFO110,SFO,37.61899948,-122.375,ENG;PRT;FUL,Active,US-CA,MAIN
n1156183137,FALSE,SGF587,SGF587,SGF,37.24570084,-93.38860321,ENG;PRT;FUL,Active,US-MO,MAIN
n1158689622,FALSE,SJC158,SJC158,SJC,37.362598,-121.929001,ENG;PRT;FUL,Active,US-CA,MAIN
n1840034030,FALSE,SKA278,SKA278,SKA,47.61510086,-117.6559982,ENG;PRT;FUL,Active,US-WA,MAIN
n1566366407,FALSE,SLC424,SLC424,SLC,40.78839874,-111.9779968,ENG;PRT;FUL,Active,US-UT,MAIN
n1586323916,FALSE,SMF15,SMF15,SMF,38.69540024,-121.5910034,ENG;PRT;FUL,Active,US-CA,MAIN
n1156188037,FALSE,SNA499,SNA499,SNA,33.67570114,-117.8679962,ENG;PRT;FUL,Active,US-CA,MAIN
n1156961497,FALSE,SPI87,SPI87,SPI,39.84410095,-89.67790222,ENG;PRT;FUL,Active,US-IL,MAIN
n1686604760,FALSE,SPS291,SPS291,SPS,33.9888,-98.491898,ENG;PRT;FUL,Active,US-TX,MAIN
n1792725579,FALSE,SRQ77,SRQ77,SRQ,27.39539909,-82.55439758,ENG;PRT;FUL,Active,US-FL,MAIN
n1156195684,FALSE,SSC98,SSC98,SSC,33.97269821,-80.47059631,ENG;PRT;FUL,Active,US-SC,MAIN
n1156280566,FALSE,STL94,STL94,STL,38.748697,-90.370003,ENG;PRT;FUL,Active,US-MO,MAIN
n1410160313,FALSE,SUS86,SUS86,SUS,38.66210175,-90.65200043,ENG;PRT;FUL,Active,US-MO,MAIN
n1392000195,FALSE,SUU137,SUU137,SUU,38.26269913,-121.927002,ENG;PRT;FUL,Active,US-CA,MAIN
n1156212809,FALSE,SUX464,SUX464,SUX,42.40259933,-96.38439941,ENG;PRT;FUL,Active,US-IA,MAIN
n1218802178,FALSE,SYR85,SYR85,SYR,43.11119843,-76.10630035,ENG;PRT;FUL,Active,US-NY,MAIN
n1458236750,FALSE,SZL545,SZL545,SZL,38.7303009,-93.54789734,ENG;PRT;FUL,Active,US-MO,MAIN
n1364123206,FALSE,TCM312,TCM312,TCM,47.13769913,-122.4759979,ENG;PRT;FUL,Active,US-WA,MAIN
n1760685964,FALSE,TIK231,TIK231,TIK,35.41469955,-97.38659668,ENG;PRT;FUL,Active,US-OK,MAIN
n1410095252,FALSE,TLH132,TLH132,TLH,30.39649963,-84.35030365,ENG;PRT;FUL,Active,US-FL,MAIN
n1356365743,FALSE,TOL532,TOL532,TOL,41.58679962,-83.80780029,ENG;PRT;FUL,Active,US-OH,MAIN
n1156046704,FALSE,TPA387,TPA387,TPA,27.97550011,-82.53320313,ENG;PRT;FUL,Active,US-FL,MAIN
n1156217541,FALSE,TRI423,TRI423,TRI,36.475201,-82.407401,ENG;PRT;FUL,Active,US-TN,MAIN
n1788742103,FALSE,TUL179,TUL179,TUL,36.19839859,-95.88809967,ENG;PRT;FUL,Active,US-OK,MAIN
n1040261752,FALSE,TUS485,TUS485,TUS,32.11610031,-110.9410019,ENG;PRT;FUL,Active,US-AZ,MAIN
n1156646448,FALSE,TYS518,TYS518,TYS,35.81100082,-83.9940033,ENG;PRT;FUL,Active,US-TN,MAIN
n1729912179,FALSE,VBG533,VBG533,VBG,34.73730087,-120.5839996,ENG;PRT;FUL,Active,US-CA,MAIN
n1360313023,FALSE,VPS350,VPS350,VPS,30.4832,-86.525398,ENG;PRT;FUL,Active,US-FL,MAIN
n1360006015,FALSE,WRB275,WRB275,WRB,32.64009857,-83.59190369,ENG;PRT;FUL,Active,US-GA,MAIN
n1276150104,FALSE,BA02463,BA02463,BA02,41.138901,16.760599,ENG;PRT;FUL,Active,IT-75,MAIN
n1156198892,FALSE,CT03189,CT03189,CT03,37.466801,15.0664,ENG;PRT;FUL,Active,IT-82,MAIN
n1156188829,FALSE,PA03488,PA03488,PA03,38.175999,13.091,ENG;PRT;FUL,Active,IT-82,MAIN
n1840034002,FALSE,CA07379,CA07379,CA07,39.251499,9.05428,ENG;PRT;FUL,Active,IT-88,MAIN
n1124825478,FALSE,MI12408,MI12408,MI12,45.6306,8.72811,ENG;PRT;FUL,Active,IT-25,MAIN
n1826423213,FALSE,BG01326,BG01326,BG01,45.673901,9.70417,ENG;PRT;FUL,Active,IT-25,MAIN
n1170417589,FALSE,TO11479,TO11479,TO11,45.200802,7.64963,ENG;PRT;FUL,Active,IT-21,MAIN
n1380646673,FALSE,GE01188,GE01188,GE01,44.4133,8.8375,ENG;PRT;FUL,Active,IT-42,MAIN
n1392457903,FALSE,MI1179,MI1179,MI11,45.445099,9.27674,ENG;PRT;FUL,Active,IT-25,MAIN
n1826246335,FALSE,BO08167,BO08167,BO08,44.5354,11.2887,ENG;PRT;FUL,Active,IT-45,MAIN
n1484416394,FALSE,TV01311,TV01311,TV01,45.648399,12.1944,ENG;PRT;FUL,Active,IT-34,MAIN
n1434201852,FALSE,VR10157,VR10157,VR10,45.395699,10.8885,ENG;PRT;FUL,Active,IT-34,MAIN
n1860331871,FALSE,VE05364,VE05364,VE05,45.505299,12.3519,ENG;PRT;FUL,Active,IT-34,MAIN
n1192752771,FALSE,RM1239,RM1239,RM12,41.7994,12.5949,ENG;PRT;FUL,Active,IT-62,MAIN
n1156522457,FALSE,RM11505,RM11505,RM11,41.8002778,12.2388889,ENG;PRT;FUL,Active,IT-62,MAIN
n1840001592,FALSE,NA01320,NA01320,NA01,40.886002,14.2908,ENG;PRT;FUL,Active,IT-72,MAIN
n1156605439,FALSE,PI05412,PI05412,PI05,43.683899,10.3927,ENG;PRT;FUL,Active,IT-52,MAIN
n1076646823,FALSE,ME1273,ME1273,ME1,19.4363,-99.072098,ENG;PRT;FUL,Active,MX-DIF,MAIN
n1356821429,FALSE,FAI572,FAI572,FAI,64.81510162,-147.8560028,ENG;PRT;FUL,Active,US-AK,MAIN
n1214636202,FALSE,ANC297,ANC297,ANC,61.17440033,-149.9960022,ENG;PRT;FUL,Active,US-AK,MAIN
n1156051276,FALSE,GUM111,GUM111,GUM,13.48340034,144.7960052,ENG;PRT;FUL,Active,GU-U-A,MAIN
n1156796454,FALSE,HNL299,HNL299,HNL,21.32062,-157.924228,ENG;PRT;FUL,Active,US-HI,MAIN
n1031946365,FALSE,OPIS16,OPIS16,OPIS,33.560713,72.851613,ENG;PRT;FUL,Active,PK-PB,MAIN
n1288299415,FALSE,XHBU483,XHBU483,XHBU,51.169997,128.445007,ENG;PRT;FUL,Active,RU-AMU,MAIN
n1156932948,FALSE,XLMO166,XLMO166,XLMO,68.15180206,33.46390152,ENG;PRT;FUL,Active,RU-MUR,MAIN
n1360543171,FALSE,EZE387,EZE387,EZE,-34.8222,-58.5358,ENG;PRT;FUL,Active,AR-B,MAIN
n1068002564,FALSE,UIO492,UIO492,UIO,-0.129166667,-78.3575,ENG;PRT;FUL,Active,EC-P,MAIN
n1156241678,FALSE,BOG122,BOG122,BOG,4.70159,-74.1469,ENG;PRT;FUL,Active,CO-CUN,MAIN
n1840020551,FALSE,SJU555,SJU555,SJU,18.43939972,-66.00180054,ENG;PRT;FUL,Active,PR-U-A,MAIN
n1156086320,FALSE,DTNH552,DTNH552,DTNH,36.075833,10.438611,ENG;PRT;FUL,Active,TN-51,MAIN
n1840001651,FALSE,VCRI322,VCRI322,VCRI,6.284467,81.124128,ENG;PRT;FUL,Active,LK-3,MAIN
n3349374339,FALSE,CYEG347,CYEG346,CYEG,53.78475621,-113.6160821,ENG;PRT;FUL,Active,CA-AB,ALT
n6496461287,FALSE,YOW421,YOW420,YOW,45.25465016,-75.67233432,ENG;PRT;FUL,Active,CA-ON,ALT
n3398131047,FALSE,YUL291,YUL290,YUL,45.49247317,-73.8704656,ENG;PRT;FUL,Active,CA-QC,ALT
n1205593667,FALSE,YWG180,YWG179,YWG,50.0454263,-97.03113956,ENG;PRT;FUL,Active,CA-MB,ALT
n3592976610,FALSE,YYZ526,YYZ525,YYZ,43.75684824,-79.62430009,ENG;PRT;FUL,Active,CA-ON,ALT
n5119249502,FALSE,ABQ386,ABQ385,ABQ,35.04717833,-106.6125822,ENG;PRT;FUL,Active,US-NM,ALT
n1009568490,FALSE,ADW86,ADW85,ADW,38.59910875,-76.8018914,ENG;PRT;FUL,Active,US-MD,ALT
n6848859464,FALSE,AFW488,AFW487,AFW,32.66883711,-96.84800328,ENG;PRT;FUL,Active,US-TX,ALT
n1221936449,FALSE,AGS115,AGS114,AGS,33.11021168,-81.64574165,ENG;PRT;FUL,Active,US-GA,ALT
n2720551030,FALSE,AMA38,AMA37,AMA,35.24310553,-101.7629556,ENG;PRT;FUL,Active,US-TX,ALT
n3821371357,FALSE,ATL350,ATL349,ATL,33.29274634,-84.30769933,ENG;PRT;FUL,Active,US-GA,ALT
n4474136689,FALSE,AUS546,AUS545,AUS,30.52592536,-97.45319063,ENG;PRT;FUL,Active,US-TX,ALT
n2318075496,FALSE,AVL119,AVL118,AVL,35.67094681,-82.86820718,ENG;PRT;FUL,Active,US-NC,ALT
n1221851262,FALSE,BAB140,BAB139,BAB,39.04868622,-121.4984166,ENG;PRT;FUL,Active,US-CA,ALT
n2477671276,FALSE,BAD398,BAD397,BAD,32.45468248,-93.77401473,ENG;PRT;FUL,Active,US-LA,ALT
n6133681169,FALSE,BDL227,BDL226,BDL,42.00292768,-72.66929181,ENG;PRT;FUL,Active,US-CT,ALT
n4449941887,FALSE,BFI382,BFI381,BFI,47.30827433,-122.3371013,ENG;PRT;FUL,Active,US-WA,ALT
n1409088007,FALSE,BGR144,BGR143,BGR,45.13231232,-68.70141756,ENG;PRT;FUL,Active,US-ME,ALT
n4739811570,FALSE,BHM542,BHM541,BHM,33.53902693,-86.78493322,ENG;PRT;FUL,Active,US-AL,ALT
n3719868436,FALSE,BIL51,BIL50,BIL,45.84256832,-108.7137232,ENG;PRT;FUL,Active,US-MT,ALT
n2485005145,FALSE,BLV333,BLV332,BLV,38.26079381,-90.02840406,ENG;PRT;FUL,Active,US-IL,ALT
n6018068546,FALSE,BMI348,BMI347,BMI,40.49692341,-88.89844831,ENG;PRT;FUL,Active,US-IL,ALT
n4062275434,FALSE,BNA307,BNA306,BNA,36.27441126,-86.57401715,ENG;PRT;FUL,Active,US-TN,ALT
n4270825243,FALSE,BOI500,BOI499,BOI,43.60306849,-116.35438,ENG;PRT;FUL,Active,US-ID,ALT
n6417917826,FALSE,BOS462,BOS461,BOS,42.65826407,-71.44793263,ENG;PRT;FUL,Active,US-MA,ALT
n5175181908,FALSE,BUF541,BUF540,BUF,43.07463282,-78.64817116,ENG;PRT;FUL,Active,US-NY,ALT
n5463407801,FALSE,BWI292,BWI291,BWI,39.11017519,-76.4702961,ENG;PRT;FUL,Active,US-MD,ALT
n5253479709,FALSE,CAE88,CAE87,CAE,33.76372558,-80.85895437,ENG;PRT;FUL,Active,US-SC,ALT
n5381366277,FALSE,CBM127,CBM126,CBM,33.6484039,-88.66088239,ENG;PRT;FUL,Active,US-MS,ALT
n3584105233,FALSE,CHA390,CHA389,CHA,34.91241232,-85.66644603,ENG;PRT;FUL,Active,US-TN,ALT
n5596352295,FALSE,CHS54,CHS53,CHS,33.2694358,-79.83495364,ENG;PRT;FUL,Active,US-SC,ALT
n4950769501,FALSE,CID70,CID69,CID,41.7372315,-91.99312674,ENG;PRT;FUL,Active,US-IA,ALT
n2481468826,FALSE,CLE473,CLE472,CLE,41.38630593,-81.8888365,ENG;PRT;FUL,Active,US-OH,ALT
n3755708271,FALSE,CLT402,CLT401,CLT,35.20546059,-81.17589939,ENG;PRT;FUL,Active,US-NC,ALT
n4364194214,FALSE,CMH152,CMH151,CMH,39.76226395,-82.91857041,ENG;PRT;FUL,Active,US-OH,ALT
n5601997940,FALSE,COS38,COS37,COS,38.91048481,-104.6969783,ENG;PRT;FUL,Active,US-CO,ALT
n6969050776,FALSE,CRP132,CRP131,CRP,28.06856806,-97.22114703,ENG;PRT;FUL,Active,US-TX,ALT
n5030423333,FALSE,CRW518,CRW517,CRW,38.28927892,-81.41900634,ENG;PRT;FUL,Active,US-WV,ALT
n6695136065,FALSE,CVG549,CVG548,CVG,39.0289795,-84.76011881,ENG;PRT;FUL,Active,US-KY,ALT
n2268218036,FALSE,CVS222,CVS221,CVS,34.50012637,-103.1654646,ENG;PRT;FUL,Active,US-NM,ALT
n2882884071,FALSE,DAB135,DAB134,DAB,29.48926047,-80.89120134,ENG;PRT;FUL,Active,US-FL,ALT
n6375359480,FALSE,DAL361,DAL360,DAL,32.5915504,-96.86555522,ENG;PRT;FUL,Active,US-TX,ALT
n3379077738,FALSE,DAY482,DAY481,DAY,39.83139984,-83.86255515,ENG;PRT;FUL,Active,US-OH,ALT
n3064708079,FALSE,DBQ16,DBQ15,DBQ,42.25884542,-90.65504774,ENG;PRT;FUL,Active,US-IA,ALT
n5846718871,FALSE,DCA146,DCA145,DCA,38.94221197,-77.01776266,ENG;PRT;FUL,Active,US-DC,ALT
n1942691690,FALSE,DEN570,DEN569,DEN,40.3412518,-104.5334072,ENG;PRT;FUL,Active,US-CO,ALT
n4510012516,FALSE,DFW434,DFW433,DFW,32.78326531,-97.06373504,ENG;PRT;FUL,Active,US-TX,ALT
n3585493909,FALSE,DLF172,DLF171,DLF,29.32845187,-101.0713684,ENG;PRT;FUL,Active,US-TX,ALT
n3253815146,FALSE,DLH43,DLH42,DLH,46.76007084,-92.57657968,ENG;PRT;FUL,Active,US-MN,ALT
n3026919615,FALSE,DOV487,DOV486,DOV,39.25921098,-75.15055724,ENG;PRT;FUL,Active,US-DE,ALT
n4164780545,FALSE,DSM465,DSM464,DSM,41.60642863,-93.27371451,ENG;PRT;FUL,Active,US-IA,ALT
n2194009208,FALSE,DTW123,DTW122,DTW,42.28386299,-83.52857885,ENG;PRT;FUL,Active,US-MI,ALT
n1567478811,FALSE,DYS395,DYS394,DYS,32.32669271,-99.94803012,ENG;PRT;FUL,Active,US-TX,ALT
n5240054472,FALSE,EDW407,EDW406,EDW,34.80085992,-118.0732126,ENG;PRT;FUL,Active,US-CA,ALT
n4458834653,FALSE,END236,END235,END,36.46450421,-97.89585992,ENG;PRT;FUL,Active,US-OK,ALT
n5900608117,FALSE,ERI30,ERI29,ERI,42.17488541,-80.25842571,ENG;PRT;FUL,Active,US-PA,ALT
n1333334661,FALSE,EWR363,EWR362,EWR,40.57132354,-73.98638768,ENG;PRT;FUL,Active,US-NJ,ALT
n5075283579,FALSE,FFO573,FFO572,FFO,39.94561946,-84.30489059,ENG;PRT;FUL,Active,US-OH,ALT
n1797701633,FALSE,FLL485,FLL484,FLL,26.20442704,-80.15709804,ENG;PRT;FUL,Active,US-FL,ALT
n4907850910,FALSE,FSM493,FSM492,FSM,35.13773332,-94.16317157,ENG;PRT;FUL,Active,US-AR,ALT
n5186638497,FALSE,FTW507,FTW506,FTW,32.8517983,-97.13373131,ENG;PRT;FUL,Active,US-TX,ALT
n3612187699,FALSE,FWA285,FWA284,FWA,40.81973728,-85.25036803,ENG;PRT;FUL,Active,US-IN,ALT
n2019686682,FALSE,GEG114,GEG113,GEG,47.55835541,-117.1681477,ENG;PRT;FUL,Active,US-WA,ALT
n5482304820,FALSE,GPT84,GPT83,GPT,30.39561245,-89.02856243,ENG;PRT;FUL,Active,US-MS,ALT
n5976441315,FALSE,GRB503,GRB502,GRB,44.56238537,-88.09313298,ENG;PRT;FUL,Active,US-WI,ALT
n3712870148,FALSE,GSB306,GSB305,GSB,35.61965136,-77.87133587,ENG;PRT;FUL,Active,US-NC,ALT
n2088380791,FALSE,GSO100,GSO99,GSO,36.11355519,-79.85887574,ENG;PRT;FUL,Active,US-NC,ALT
n1536188251,FALSE,GSP92,GSP91,GSP,34.74409665,-82.6264704,ENG;PRT;FUL,Active,US-SC,ALT
n4913412097,FALSE,GUS594,GUS593,GUS,40.68026532,-86.4302492,ENG;PRT;FUL,Active,US-IN,ALT
n2616013993,FALSE,HIB400,HIB399,HIB,47.3161583,-92.6090494,ENG;PRT;FUL,Active,US-MN,ALT
n2920190932,FALSE,HMN120,HMN119,HMN,32.86389788,-106.088767,ENG;PRT;FUL,Active,US-NM,ALT
n2362121077,FALSE,HOU113,HOU112,HOU,29.78657373,-95.15689552,ENG;PRT;FUL,Active,US-TX,ALT
n4285654650,FALSE,HSV181,HSV180,HSV,34.97254378,-86.90841762,ENG;PRT;FUL,Active,US-AL,ALT
n3362964910,FALSE,HTS232,HTS231,HTS,38.15786876,-82.34068251,ENG;PRT;FUL,Active,US-WV,ALT
n1241842057,FALSE,IAD352,IAD351,IAD,38.73099249,-77.63621632,ENG;PRT;FUL,Active,US-DC,ALT
n6213927762,FALSE,IAH133,IAH132,IAH,30.08095997,-95.34055913,ENG;PRT;FUL,Active,US-TX,ALT
n4003373199,FALSE,ICT352,ICT351,ICT,37.97308248,-97.33759228,ENG;PRT;FUL,Active,US-KS,ALT
n1826142340,FALSE,IND414,IND413,IND,39.67347769,-86.12763434,ENG;PRT;FUL,Active,US-IN,ALT
n2323983925,FALSE,JAN311,JAN310,JAN,32.3592547,-90.20373624,ENG;PRT;FUL,Active,US-MS,ALT
n3988186801,FALSE,JAX284,JAX283,JAX,30.47172839,-81.35035695,ENG;PRT;FUL,Active,US-FL,ALT
n3796937709,FALSE,JFK163,JFK162,JFK,40.47129845,-73.56307851,ENG;PRT;FUL,Active,US-NY,ALT
n1778636537,FALSE,JLN497,JLN496,JLN,37.19056677,-94.56446586,ENG;PRT;FUL,Active,US-MO,ALT
n1026184451,FALSE,LAS492,LAS491,LAS,36.0963662,-115.132663,ENG;PRT;FUL,Active,US-NV,ALT
n4785164813,FALSE,LAX208,LAX207,LAX,33.63251329,-118.2397628,ENG;PRT;FUL,Active,US-CA,ALT
n6377657886,FALSE,LBB589,LBB588,LBB,33.81163584,-101.5319448,ENG;PRT;FUL,Active,US-TX,ALT
n1693115354,FALSE,LCK294,LCK293,LCK,40.08777355,-82.87241302,ENG;PRT;FUL,Active,US-OH,ALT
n1841159102,FALSE,LEX584,LEX583,LEX,38.2988868,-84.47698807,ENG;PRT;FUL,Active,US-KY,ALT
n4160964071,FALSE,LFI123,LFI122,LFI,36.67261299,-76.59749311,ENG;PRT;FUL,Active,US-VA,ALT
n3978044472,FALSE,LFT436,LFT435,LFT,30.05684067,-92.09821495,ENG;PRT;FUL,Active,US-LA,ALT
n6731106002,FALSE,LGA433,LGA432,LGA,40.94384874,-74.12720073,ENG;PRT;FUL,Active,US-NY,ALT
n6442778369,FALSE,LIT528,LIT527,LIT,34.68442942,-92.10339029,ENG;PRT;FUL,Active,US-AR,ALT
n6099929887,FALSE,LTS398,LTS397,LTS,34.73594068,-99.43457866,ENG;PRT;FUL,Active,US-OK,ALT
n1872781111,FALSE,LUF472,LUF471,LUF,33.50131163,-112.3539349,ENG;PRT;FUL,Active,US-AZ,ALT
n6169710719,FALSE,MBS202,MBS201,MBS,43.48164362,-83.70426667,ENG;PRT;FUL,Active,US-MI,ALT
n6880465099,FALSE,MCF536,MCF535,MCF,27.89525919,-82.2105412,ENG;PRT;FUL,Active,US-FL,ALT
n5785478720,FALSE,MCI552,MCI551,MCI,39.30370779,-95.00390367,ENG;PRT;FUL,Active,US-MO,ALT
n6649308824,FALSE,MCO591,MCO590,MCO,28.62782473,-81.68074915,ENG;PRT;FUL,Active,US-FL,ALT
n6526684059,FALSE,MDW128,MDW127,MDW,41.88043988,-87.75691601,ENG;PRT;FUL,Active,US-IL,ALT
n1598006982,FALSE,MEM479,MEM478,MEM,35.07693483,-90.09821334,ENG;PRT;FUL,Active,US-TN,ALT
n1533300512,FALSE,MGE147,MGE146,MGE,34.11014823,-84.71641454,ENG;PRT;FUL,Active,US-GA,ALT
n5511694377,FALSE,MGM124,MGM123,MGM,32.02163347,-86.20990342,ENG;PRT;FUL,Active,US-AL,ALT
n6158044857,FALSE,MHT597,MHT596,MHT,42.77897009,-71.63386115,ENG;PRT;FUL,Active,US-NH,ALT
n3314833776,FALSE,MIA281,MIA280,MIA,25.92273337,-80.10739244,ENG;PRT;FUL,Active,US-FL,ALT
n6993386328,FALSE,MKE535,MKE534,MKE,43.27108461,-87.81618608,ENG;PRT;FUL,Active,US-WI,ALT
n1144390323,FALSE,MLI431,MLI430,MLI,41.59736577,-90.5393968,ENG;PRT;FUL,Active,US-IL,ALT
n1317130267,FALSE,MLU103,MLU102,MLU,32.75058983,-92.08404676,ENG;PRT;FUL,Active,US-LA,ALT
n2581499076,FALSE,MOB368,MOB367,MOB,30.45453139,-88.05004565,ENG;PRT;FUL,Active,US-AL,ALT
n1371847991,FALSE,MSN49,MSN48,MSN,42.95339209,-89.40015433,ENG;PRT;FUL,Active,US-WI,ALT
n4404519535,FALSE,MSP210,MSP209,MSP,44.85671946,-93.4094967,ENG;PRT;FUL,Active,US-MN,ALT
n3931737892,FALSE,MSY242,MSY241,MSY,30.07650237,-90.61146724,ENG;PRT;FUL,Active,US-LA,ALT
n2599885130,FALSE,MUO344,MUO343,MUO,42.94968018,-115.5331143,ENG;PRT;FUL,Active,US-ID,ALT
n6423491967,FALSE,OAK311,OAK310,OAK,37.82005471,-122.1584776,ENG;PRT;FUL,Active,US-CA,ALT
n3973105437,FALSE,OKC160,OKC159,OKC,35.6130393,-97.56531163,ENG;PRT;FUL,Active,US-OK,ALT
n1825339475,FALSE,OMA275,OMA274,OMA,41.03537912,-95.60942357,ENG;PRT;FUL,Active,US-NE,ALT
n4845990130,FALSE,ONT311,ONT310,ONT,33.98984267,-117.6909879,ENG;PRT;FUL,Active,US-CA,ALT
n1598336702,FALSE,ORD57,ORD56,ORD,41.82392513,-87.87710865,ENG;PRT;FUL,Active,US-IL,ALT
n2902596842,FALSE,ORF95,ORF94,ORF,36.75127411,-76.00188546,ENG;PRT;FUL,Active,US-VA,ALT
n2471098906,FALSE,PAM166,PAM165,PAM,30.02733595,-85.42155029,ENG;PRT;FUL,Active,US-FL,ALT
n5351897809,FALSE,PBI376,PBI375,PBI,26.89405018,-79.60999688,ENG;PRT;FUL,Active,US-FL,ALT
n2154304536,FALSE,PDX564,PDX563,PDX,45.52268491,-122.6660302,ENG;PRT;FUL,Active,US-OR,ALT
n3971663338,FALSE,PHF375,PHF374,PHF,37.58291176,-76.48855919,ENG;PRT;FUL,Active,US-VA,ALT
n3870580824,FALSE,PHL70,PHL69,PHL,39.85060462,-75.14932977,ENG;PRT;FUL,Active,US-PA,ALT
n6657077216,FALSE,PHX559,PHX558,PHX,33.40950558,-111.6380474,ENG;PRT;FUL,Active,US-AZ,ALT
n4749284913,FALSE,PIA125,PIA124,PIA,40.61882042,-89.55312955,ENG;PRT;FUL,Active,US-IL,ALT
n1338935545,FALSE,PIT569,PIT568,PIT,40.28738953,-80.28363643,ENG;PRT;FUL,Active,US-PA,ALT
n1557628018,FALSE,PVD316,PVD315,PVD,41.48254358,-71.73296377,ENG;PRT;FUL,Active,US-RI,ALT
n4393845358,FALSE,PWM406,PWM405,PWM,43.71154869,-70.30676494,ENG;PRT;FUL,Active,US-ME,ALT
n3374943377,FALSE,RDU517,RDU516,RDU,35.81372534,-79.00766637,ENG;PRT;FUL,Active,US-NC,ALT
n5439055543,FALSE,RFD157,RFD156,RFD,41.90908747,-89.2755699,ENG;PRT;FUL,Active,US-IL,ALT
n1297781299,FALSE,RIC104,RIC103,RIC,37.54508935,-77.22067724,ENG;PRT;FUL,Active,US-VA,ALT
n5564711096,FALSE,RND273,RND272,RND,29.79776627,-98.39675454,ENG;PRT;FUL,Active,US-TX,ALT
n1913747622,FALSE,RNO330,RNO329,RNO,39.61976374,-119.7128676,ENG;PRT;FUL,Active,US-NV,ALT
n4311035697,FALSE,ROA366,ROA365,ROA,36.93198702,-80.29345414,ENG;PRT;FUL,Active,US-VA,ALT
n1803652859,FALSE,ROC489,ROC488,ROC,43.24315642,-77.73797919,ENG;PRT;FUL,Active,US-NY,ALT
n6675143899,FALSE,RST36,RST35,RST,44.25874349,-92.31895995,ENG;PRT;FUL,Active,US-MN,ALT
n3499363380,FALSE,RSW401,RSW400,RSW,26.611319,-81.63776929,ENG;PRT;FUL,Active,US-FL,ALT
n6808205906,FALSE,SAN279,SAN278,SAN,32.86406915,-117.2123905,ENG;PRT;FUL,Active,US-CA,ALT
n5986276121,FALSE,SAT389,SAT388,SAT,29.26031879,-98.60993767,ENG;PRT;FUL,Active,US-TX,ALT
n5286044199,FALSE,SAV10,SAV9,SAV,32.06695762,-81.03586508,ENG;PRT;FUL,Active,US-GA,ALT
n5717664313,FALSE,SBN504,SBN503,SBN,41.87673727,-86.23635536,ENG;PRT;FUL,Active,US-IN,ALT
n1230743555,FALSE,SDF484,SDF483,SDF,38.11391612,-85.80969084,ENG;PRT;FUL,Active,US-KY,ALT
n6272954945,FALSE,SEA570,SEA569,SEA,47.36300374,-122.7741741,ENG;PRT;FUL,Active,US-WA,ALT
n3882885926,FALSE,SFB575,SFB574,SFB,28.4634904,-81.23907586,ENG;PRT;FUL,Active,US-FL,ALT
n2981467728,FALSE,SFO111,SFO110,SFO,37.71251539,-122.4372367,ENG;PRT;FUL,Active,US-CA,ALT
n4836892454,FALSE,SGF588,SGF587,SGF,37.00869505,-93.81138759,ENG;PRT;FUL,Active,US-MO,ALT
n3514313790,FALSE,SJC159,SJC158,SJC,37.36118951,-122.1318651,ENG;PRT;FUL,Active,US-CA,ALT
n3609034842,FALSE,SKA279,SKA278,SKA,47.72050366,-117.8160474,ENG;PRT;FUL,Active,US-WA,ALT
n1196572407,FALSE,SLC425,SLC424,SLC,40.66703509,-112.271623,ENG;PRT;FUL,Active,US-UT,ALT
n4492252664,FALSE,SMF16,SMF15,SMF,38.2439595,-121.7874342,ENG;PRT;FUL,Active,US-CA,ALT
n5839275481,FALSE,SNA500,SNA499,SNA,33.60411979,-117.8871427,ENG;PRT;FUL,Active,US-CA,ALT
n3762183016,FALSE,SPI88,SPI87,SPI,39.35667528,-89.86264432,ENG;PRT;FUL,Active,US-IL,ALT
n5403232321,FALSE,SPS292,SPS291,SPS,34.0757024,-98.41789222,ENG;PRT;FUL,Active,US-TX,ALT
n1236480294,FALSE,SRQ78,SRQ77,SRQ,27.59249056,-82.23433471,ENG;PRT;FUL,Active,US-FL,ALT
n6280105905,FALSE,SSC99,SSC98,SSC,34.02591849,-80.95878735,ENG;PRT;FUL,Active,US-SC,ALT
n4308980394,FALSE,STL95,STL94,STL,38.69862769,-90.3143415,ENG;PRT;FUL,Active,US-MO,ALT
n1357223194,FALSE,SUS87,SUS86,SUS,38.90913869,-90.70556645,ENG;PRT;FUL,Active,US-MO,ALT
n1144850293,FALSE,SUU138,SUU137,SUU,38.25253548,-121.8502445,ENG;PRT;FUL,Active,US-CA,ALT
n6627995223,FALSE,SUX465,SUX464,SUX,42.56185384,-96.60859834,ENG;PRT;FUL,Active,US-IA,ALT
n3995585873,FALSE,SYR86,SYR85,SYR,42.90634329,-75.73513745,ENG;PRT;FUL,Active,US-NY,ALT
n4031599711,FALSE,SZL546,SZL545,SZL,38.4921906,-93.40403989,ENG;PRT;FUL,Active,US-MO,ALT
n5259118684,FALSE,TCM313,TCM312,TCM,47.11627716,-122.3708367,ENG;PRT;FUL,Active,US-WA,ALT
n2447165475,FALSE,TIK232,TIK231,TIK,35.19123271,-97.30948735,ENG;PRT;FUL,Active,US-OK,ALT
n2876394260,FALSE,TLH133,TLH132,TLH,30.23369215,-84.05926617,ENG;PRT;FUL,Active,US-FL,ALT
n3418803068,FALSE,TOL533,TOL532,TOL,41.87961285,-83.60914209,ENG;PRT;FUL,Active,US-OH,ALT
n4887519327,FALSE,TPA388,TPA387,TPA,27.53485048,-82.71802504,ENG;PRT;FUL,Active,US-FL,ALT
n6401981087,FALSE,TRI424,TRI423,TRI,36.35922936,-82.58005108,ENG;PRT;FUL,Active,US-TN,ALT
n4767439347,FALSE,TUL180,TUL179,TUL,36.07890035,-96.00775479,ENG;PRT;FUL,Active,US-OK,ALT
n1866245919,FALSE,TUS486,TUS485,TUS,31.82771082,-110.8075172,ENG;PRT;FUL,Active,US-AZ,ALT
n6058082806,FALSE,TYS519,TYS518,TYS,36.03764562,-83.95595191,ENG;PRT;FUL,Active,US-TN,ALT
n3298540509,FALSE,VBG534,VBG533,VBG,35.01292744,-120.9405449,ENG;PRT;FUL,Active,US-CA,ALT
n4691847221,FALSE,VPS351,VPS350,VPS,30.38038328,-86.43795084,ENG;PRT;FUL,Active,US-FL,ALT
n2104045570,FALSE,WRB276,WRB275,WRB,32.8016559,-83.57495014,ENG;PRT;FUL,Active,US-GA,ALT
n6624310536,FALSE,BA02464,BA02463,BA02,41.51320362,16.9468476,ENG;PRT;FUL,Active,IT-75,ALT
n4699624836,FALSE,CT03190,CT03189,CT03,37.3646428,14.78440579,ENG;PRT;FUL,Active,IT-82,ALT
n4733740534,FALSE,PA03489,PA03488,PA03,38.17135422,13.19914119,ENG;PRT;FUL,Active,IT-82,ALT
n6870449159,FALSE,CA07380,CA07379,CA07,39.7296721,8.91795168,ENG;PRT;FUL,Active,IT-88,ALT
n4862502831,FALSE,MI12409,MI12408,MI12,45.86356705,8.322734252,ENG;PRT;FUL,Active,IT-25,ALT
n6060972564,FALSE,BG01327,BG01326,BG01,45.97865523,9.614493075,ENG;PRT;FUL,Active,IT-25,ALT
n6219418953,FALSE,TO11480,TO11479,TO11,45.3338701,7.640533437,ENG;PRT;FUL,Active,IT-21,ALT
n6819976922,FALSE,GE01189,GE01188,GE01,44.34236972,8.760228,ENG;PRT;FUL,Active,IT-42,ALT
n5249268712,FALSE,MI1180,MI1179,MI11,45.43361332,9.200155986,ENG;PRT;FUL,Active,IT-25,ALT
n5598705556,FALSE,BO08168,BO08167,BO08,44.38747432,11.12583467,ENG;PRT;FUL,Active,IT-45,ALT
n2093993825,FALSE,TV01312,TV01311,TV01,45.52397053,12.21290038,ENG;PRT;FUL,Active,IT-34,ALT
n1723596946,FALSE,VR10158,VR10157,VR10,45.51867574,11.05861566,ENG;PRT;FUL,Active,IT-34,ALT
n5768229110,FALSE,VE05365,VE05364,VE05,45.64255157,12.02484434,ENG;PRT;FUL,Active,IT-34,ALT
n5481692739,FALSE,RM1240,RM1239,RM12,41.90798909,12.40802325,ENG;PRT;FUL,Active,IT-62,ALT
n4707211559,FALSE,RM11506,RM11505,RM11,41.80156467,12.18787683,ENG;PRT;FUL,Active,IT-62,ALT
n3498685289,FALSE,NA01321,NA01320,NA01,40.85182334,14.25190119,ENG;PRT;FUL,Active,IT-72,ALT
n3845478288,FALSE,PI05413,PI05412,PI05,43.66880326,10.38443473,ENG;PRT;FUL,Active,IT-52,ALT
n5026714131,FALSE,ME1274,ME1273,ME1,19.51485864,-98.94129521,ENG;PRT;FUL,Active,MX-DIF,ALT
n6099126385,FALSE,FAI573,FAI572,FAI,64.62174069,-147.9727952,ENG;PRT;FUL,Active,US-AK,ALT
n2122952028,FALSE,ANC298,ANC297,ANC,60.78640819,-150.1296259,ENG;PRT;FUL,Active,US-AK,ALT
n6477978006,FALSE,GUM112,GUM111,GUM,13.53947135,144.87146,ENG;PRT;FUL,Active,GU-U-A,ALT
n1819136867,FALSE,HNL300,HNL299,HNL,21.48851289,-157.7406694,ENG;PRT;FUL,Active,US-HI,ALT
n5569427919,FALSE,OPIS17,OPIS16,OPIS,33.66899847,72.94046073,ENG;PRT;FUL,Active,PK-PB,ALT
n6291205504,FALSE,XHBU484,XHBU483,XHBU,51.3549405,128.4141302,ENG;PRT;FUL,Active,RU-AMU,ALT
n4714909916,FALSE,XLMO167,XLMO166,XLMO,68.2971283,33.44442523,ENG;PRT;FUL,Active,RU-MUR,ALT
n1852948559,FALSE,EZE388,EZE387,EZE,-34.60780951,-58.57929036,ENG;PRT;FUL,Active,AR-B,ALT
n6718138200,FALSE,UIO493,UIO492,UIO,-0.118082338,-78.42035322,ENG;PRT;FUL,Active,EC-P,ALT
n6406772736,FALSE,BOG123,BOG122,BOG,4.688853295,-74.10414102,ENG;PRT;FUL,Active,CO-CUN,ALT
n4042433024,FALSE,SJU556,SJU555,SJU,18.54483918,-65.95883408,ENG;PRT;FUL,Active,PR-U-A,ALT
n2975335243,FALSE,DTNH553,DTNH552,DTNH,36.30923488,10.3978891,ENG;PRT;FUL,Active,TN-51,ALT
n2552230985,FALSE,VCRI323,VCRI322,VCRI,6.376758601,81.36006977,ENG;PRT;FUL,Active,LK-3,ALT
n1538242968,FALSE,CYEG348,CYEG346,CYEG,53.73085677,-113.6786935,ENG;PRT;FUL,Active,CA-AB,ALT
n2125362703,FALSE,YOW422,YOW420,YOW,45.44086024,-75.73792455,ENG;PRT;FUL,Active,CA-ON,ALT
n3311303696,FALSE,YUL292,YUL290,YUL,45.32244776,-73.45319206,ENG;PRT;FUL,Active,CA-QC,ALT
n6526112985,FALSE,YWG181,YWG179,YWG,49.81288186,-97.51770427,ENG;PRT;FUL,Active,CA-MB,ALT
n3460545516,FALSE,YYZ527,YYZ525,YYZ,43.61397898,-79.52991725,ENG;PRT;FUL,Active,CA-ON,ALT
n4040161177,FALSE,ABQ387,ABQ385,ABQ,34.99692464,-106.6211009,ENG;PRT;FUL,Active,US-NM,ALT
n1472147575,FALSE,ADW87,ADW85,ADW,38.35997822,-76.60480466,ENG;PRT;FUL,Active,US-MD,ALT
n1720186644,FALSE,AFW489,AFW487,AFW,32.52450206,-96.59104161,ENG;PRT;FUL,Active,US-TX,ALT
n1558297178,FALSE,AGS116,AGS114,AGS,33.50565149,-81.39373199,ENG;PRT;FUL,Active,US-GA,ALT
n3252397740,FALSE,AMA39,AMA37,AMA,35.33970817,-101.4172216,ENG;PRT;FUL,Active,US-TX,ALT
n3298254914,FALSE,ATL351,ATL349,ATL,33.00533499,-84.08089206,ENG;PRT;FUL,Active,US-GA,ALT
n3328854468,FALSE,AUS547,AUS545,AUS,30.67528819,-97.75114284,ENG;PRT;FUL,Active,US-TX,ALT
n6952523552,FALSE,AVL120,AVL118,AVL,35.50782888,-82.66086446,ENG;PRT;FUL,Active,US-NC,ALT
n4562012658,FALSE,BAB141,BAB139,BAB,39.267397,-121.5248255,ENG;PRT;FUL,Active,US-CA,ALT
n4370096193,FALSE,BAD399,BAD397,BAD,32.52194473,-93.85141941,ENG;PRT;FUL,Active,US-LA,ALT
n2790554509,FALSE,BDL228,BDL226,BDL,41.8074615,-72.47927886,ENG;PRT;FUL,Active,US-CT,ALT
n4310214811,FALSE,BFI383,BFI381,BFI,47.08122989,-122.2558905,ENG;PRT;FUL,Active,US-WA,ALT
n6910059750,FALSE,BGR145,BGR143,BGR,45.43860958,-68.74366733,ENG;PRT;FUL,Active,US-ME,ALT
n2064522366,FALSE,BHM543,BHM541,BHM,33.8476816,-86.92756796,ENG;PRT;FUL,Active,US-AL,ALT
n3643611771,FALSE,BIL52,BIL50,BIL,45.5459572,-108.8528906,ENG;PRT;FUL,Active,US-MT,ALT
n3210724773,FALSE,BLV334,BLV332,BLV,38.09062752,-90.38801198,ENG;PRT;FUL,Active,US-IL,ALT
n3950314948,FALSE,BMI349,BMI347,BMI,40.7577252,-88.90716375,ENG;PRT;FUL,Active,US-IL,ALT
n6380064112,FALSE,BNA308,BNA306,BNA,36.02911777,-86.55006105,ENG;PRT;FUL,Active,US-TN,ALT
n3728769433,FALSE,BOI501,BOI499,BOI,43.53125204,-116.3548506,ENG;PRT;FUL,Active,US-ID,ALT
n5236010343,FALSE,BOS463,BOS461,BOS,42.92551572,-71.31250651,ENG;PRT;FUL,Active,US-MA,ALT
n4464188332,FALSE,BUF542,BUF540,BUF,43.06405293,-78.65597838,ENG;PRT;FUL,Active,US-NY,ALT
n3091026854,FALSE,BWI293,BWI291,BWI,38.82170891,-76.89192146,ENG;PRT;FUL,Active,US-MD,ALT
n3071148819,FALSE,CAE89,CAE87,CAE,33.82905455,-81.30930523,ENG;PRT;FUL,Active,US-SC,ALT
n2404503911,FALSE,CBM128,CBM126,CBM,33.42336187,-88.62257912,ENG;PRT;FUL,Active,US-MS,ALT
n2474062000,FALSE,CHA391,CHA389,CHA,34.94696998,-85.5967243,ENG;PRT;FUL,Active,US-TN,ALT
n2261232044,FALSE,CHS55,CHS53,CHS,33.30621741,-79.62604508,ENG;PRT;FUL,Active,US-SC,ALT
n6220958246,FALSE,CID71,CID69,CID,41.65834716,-91.96952136,ENG;PRT;FUL,Active,US-IA,ALT
n1151181608,FALSE,CLE474,CLE472,CLE,41.58719992,-82.28310725,ENG;PRT;FUL,Active,US-OH,ALT
n5210160910,FALSE,CLT403,CLT401,CLT,35.01319906,-81.6667474,ENG;PRT;FUL,Active,US-NC,ALT
n3916154381,FALSE,CMH153,CMH151,CMH,39.65396023,-82.89403166,ENG;PRT;FUL,Active,US-OH,ALT
n6883026266,FALSE,COS39,COS37,COS,38.66539717,-104.6608273,ENG;PRT;FUL,Active,US-CO,ALT
n5682237777,FALSE,CRP133,CRP131,CRP,27.86381101,-97.3143645,ENG;PRT;FUL,Active,US-TX,ALT
n6535857869,FALSE,CRW519,CRW517,CRW,38.46806494,-81.38385968,ENG;PRT;FUL,Active,US-WV,ALT
n6520524160,FALSE,CVG550,CVG548,CVG,38.9640148,-84.52981639,ENG;PRT;FUL,Active,US-KY,ALT
n3932418840,FALSE,CVS223,CVS221,CVS,34.68691031,-103.1743218,ENG;PRT;FUL,Active,US-NM,ALT
n6745161969,FALSE,DAB136,DAB134,DAB,29.19882312,-81.09414374,ENG;PRT;FUL,Active,US-FL,ALT
n4688466813,FALSE,DAL362,DAL360,DAL,32.86392069,-96.71796144,ENG;PRT;FUL,Active,US-TX,ALT
n5630968731,FALSE,DAY483,DAY481,DAY,39.89561875,-83.70456072,ENG;PRT;FUL,Active,US-OH,ALT
n1684495467,FALSE,DBQ17,DBQ15,DBQ,42.26897946,-90.62195806,ENG;PRT;FUL,Active,US-IA,ALT
n3102193124,FALSE,DCA147,DCA145,DCA,39.21519231,-76.88736835,ENG;PRT;FUL,Active,US-DC,ALT
n4403095461,FALSE,DEN571,DEN569,DEN,40.14007102,-104.2251384,ENG;PRT;FUL,Active,US-CO,ALT
n4020138121,FALSE,DFW435,DFW433,DFW,33.0919008,-97.26305876,ENG;PRT;FUL,Active,US-TX,ALT
n2610613428,FALSE,DLF173,DLF171,DLF,29.27768415,-101.0494157,ENG;PRT;FUL,Active,US-TX,ALT
n1412075422,FALSE,DLH44,DLH42,DLH,46.61763659,-92.74005799,ENG;PRT;FUL,Active,US-MN,ALT
n4336899333,FALSE,DOV488,DOV486,DOV,39.31461958,-75.34599941,ENG;PRT;FUL,Active,US-DE,ALT
n4381710759,FALSE,DSM466,DSM464,DSM,41.78860709,-93.41239545,ENG;PRT;FUL,Active,US-IA,ALT
n4168972403,FALSE,DTW124,DTW122,DTW,42.35805184,-83.72103438,ENG;PRT;FUL,Active,US-MI,ALT
n3190192454,FALSE,DYS396,DYS394,DYS,32.39497313,-100.2435677,ENG;PRT;FUL,Active,US-TX,ALT
n2814655126,FALSE,EDW408,EDW406,EDW,34.73920007,-118.0015965,ENG;PRT;FUL,Active,US-CA,ALT
n1764403791,FALSE,END237,END235,END,36.52225471,-97.97295093,ENG;PRT;FUL,Active,US-OK,ALT
n2416280322,FALSE,ERI31,ERI29,ERI,42.19790821,-80.19543893,ENG;PRT;FUL,Active,US-PA,ALT
n6631570220,FALSE,EWR364,EWR362,EWR,40.62299073,-74.0677961,ENG;PRT;FUL,Active,US-NJ,ALT
n6426695946,FALSE,FFO574,FFO572,FFO,40.32130767,-84.34315234,ENG;PRT;FUL,Active,US-OH,ALT
n3938674685,FALSE,FLL486,FLL484,FLL,26.20461601,-79.79087904,ENG;PRT;FUL,Active,US-FL,ALT
n2963056654,FALSE,FSM494,FSM492,FSM,35.39341274,-94.27389342,ENG;PRT;FUL,Active,US-AR,ALT
n1281945667,FALSE,FTW508,FTW506,FTW,32.51182302,-97.01583832,ENG;PRT;FUL,Active,US-TX,ALT
n3039520800,FALSE,FWA286,FWA284,FWA,40.63717546,-85.25070155,ENG;PRT;FUL,Active,US-IN,ALT
n1196006751,FALSE,GEG115,GEG113,GEG,47.51615808,-117.208796,ENG;PRT;FUL,Active,US-WA,ALT
n4134533255,FALSE,GPT85,GPT83,GPT,30.40229414,-89.11003435,ENG;PRT;FUL,Active,US-MS,ALT
n3203261537,FALSE,GRB504,GRB502,GRB,44.63532213,-88.15250866,ENG;PRT;FUL,Active,US-WI,ALT
n2431184831,FALSE,GSB307,GSB305,GSB,35.17369155,-77.47167323,ENG;PRT;FUL,Active,US-NC,ALT
n5563955965,FALSE,GSO101,GSO99,GSO,36.08743266,-80.04370192,ENG;PRT;FUL,Active,US-NC,ALT
n1554227735,FALSE,GSP93,GSP91,GSP,34.65011697,-82.72861742,ENG;PRT;FUL,Active,US-SC,ALT
n6020411936,FALSE,GUS595,GUS593,GUS,41.13218964,-86.32333228,ENG;PRT;FUL,Active,US-IN,ALT
n2093614099,FALSE,HIB401,HIB399,HIB,47.37736663,-92.3827977,ENG;PRT;FUL,Active,US-MN,ALT
n2254042634,FALSE,HMN121,HMN119,HMN,33.22019429,-105.8163096,ENG;PRT;FUL,Active,US-NM,ALT
n6898682050,FALSE,HOU114,HOU112,HOU,29.66744329,-95.130406,ENG;PRT;FUL,Active,US-TX,ALT
n4370655801,FALSE,HSV182,HSV180,HSV,35.05569022,-86.97988616,ENG;PRT;FUL,Active,US-AL,ALT
n6668706754,FALSE,HTS233,HTS231,HTS,38.04331462,-82.41292588,ENG;PRT;FUL,Active,US-WV,ALT
n1880450188,FALSE,IAD353,IAD351,IAD,38.72050603,-77.68725624,ENG;PRT;FUL,Active,US-DC,ALT
n6613294869,FALSE,IAH134,IAH132,IAH,29.79981837,-95.33761011,ENG;PRT;FUL,Active,US-TX,ALT
n2122017600,FALSE,ICT353,ICT351,ICT,37.90522451,-97.23764788,ENG;PRT;FUL,Active,US-KS,ALT
n4785426252,FALSE,IND415,IND413,IND,39.61684417,-85.88933708,ENG;PRT;FUL,Active,US-IN,ALT
n2534222598,FALSE,JAN312,JAN310,JAN,32.32005009,-89.80748918,ENG;PRT;FUL,Active,US-MS,ALT
n3877745134,FALSE,JAX285,JAX283,JAX,30.82019202,-81.29813144,ENG;PRT;FUL,Active,US-FL,ALT
n6665338446,FALSE,JFK164,JFK162,JFK,40.18421725,-73.78244596,ENG;PRT;FUL,Active,US-NY,ALT
n4790471010,FALSE,JLN498,JLN496,JLN,37.04656598,-94.44272527,ENG;PRT;FUL,Active,US-MO,ALT
n4921283326,FALSE,LAS493,LAS491,LAS,36.24702559,-115.3414966,ENG;PRT;FUL,Active,US-NV,ALT
n4364882117,FALSE,LAX209,LAX207,LAX,33.68005944,-118.0486982,ENG;PRT;FUL,Active,US-CA,ALT
n4271573965,FALSE,LBB590,LBB588,LBB,33.79669433,-101.4365053,ENG;PRT;FUL,Active,US-TX,ALT
n3852625120,FALSE,LCK295,LCK293,LCK,40.06072222,-82.85249145,ENG;PRT;FUL,Active,US-OH,ALT
n1553008296,FALSE,LEX585,LEX583,LEX,38.2152059,-84.28419978,ENG;PRT;FUL,Active,US-KY,ALT
n4262179346,FALSE,LFI124,LFI122,LFI,36.84653649,-76.61851372,ENG;PRT;FUL,Active,US-VA,ALT
n6541942966,FALSE,LFT437,LFT435,LFT,29.80238028,-92.30028446,ENG;PRT;FUL,Active,US-LA,ALT
n3460999756,FALSE,LGA434,LGA432,LGA,40.93787457,-73.93743813,ENG;PRT;FUL,Active,US-NY,ALT
n3259696076,FALSE,LIT529,LIT527,LIT,34.63591645,-92.5690507,ENG;PRT;FUL,Active,US-AR,ALT
n5485603450,FALSE,LTS399,LTS397,LTS,34.93137062,-99.32637462,ENG;PRT;FUL,Active,US-OK,ALT
n3195868646,FALSE,LUF473,LUF471,LUF,33.68522032,-112.4470695,ENG;PRT;FUL,Active,US-AZ,ALT
n4105921274,FALSE,MBS203,MBS201,MBS,43.27984672,-83.5924149,ENG;PRT;FUL,Active,US-MI,ALT
n4131001600,FALSE,MCF537,MCF535,MCF,27.71972692,-82.29244111,ENG;PRT;FUL,Active,US-FL,ALT
n4504558526,FALSE,MCI553,MCI551,MCI,39.42710232,-95.00721797,ENG;PRT;FUL,Active,US-MO,ALT
n6118996220,FALSE,MCO592,MCO590,MCO,28.6428179,-82.01060284,ENG;PRT;FUL,Active,US-FL,ALT
n3954888164,FALSE,MDW129,MDW127,MDW,41.94714116,-87.68827918,ENG;PRT;FUL,Active,US-IL,ALT
n3849763143,FALSE,MEM480,MEM478,MEM,35.06347344,-90.04595058,ENG;PRT;FUL,Active,US-TN,ALT
n4503463378,FALSE,MGE148,MGE146,MGE,34.05789704,-84.43171041,ENG;PRT;FUL,Active,US-GA,ALT
n3692740102,FALSE,MGM125,MGM123,MGM,32.13343522,-86.02233809,ENG;PRT;FUL,Active,US-AL,ALT
n1856906445,FALSE,MHT598,MHT596,MHT,42.68392537,-71.54511974,ENG;PRT;FUL,Active,US-NH,ALT
n3939925559,FALSE,MIA282,MIA280,MIA,25.9548254,-80.58632908,ENG;PRT;FUL,Active,US-FL,ALT
n1651059824,FALSE,MKE536,MKE534,MKE,43.48547395,-87.67543394,ENG;PRT;FUL,Active,US-WI,ALT
n1305977692,FALSE,MLI432,MLI430,MLI,41.65479209,-90.69060544,ENG;PRT;FUL,Active,US-IL,ALT
n1438538099,FALSE,MLU104,MLU102,MLU,32.84660176,-91.98991743,ENG;PRT;FUL,Active,US-LA,ALT
n3456871523,FALSE,MOB369,MOB367,MOB,30.20041048,-87.86743562,ENG;PRT;FUL,Active,US-AL,ALT
n1412440837,FALSE,MSN50,MSN48,MSN,42.79025395,-89.32890315,ENG;PRT;FUL,Active,US-WI,ALT
n2898018898,FALSE,MSP211,MSP209,MSP,45.22415067,-93.38692716,ENG;PRT;FUL,Active,US-MN,ALT
n6591061942,FALSE,MSY243,MSY241,MSY,30.02546262,-90.44642035,ENG;PRT;FUL,Active,US-LA,ALT
n2907204419,FALSE,MUO345,MUO343,MUO,42.86231418,-115.6178503,ENG;PRT;FUL,Active,US-ID,ALT
n3807958011,FALSE,OAK312,OAK310,OAK,37.654532,-122.3458222,ENG;PRT;FUL,Active,US-CA,ALT
n1647369192,FALSE,OKC161,OKC159,OKC,35.48902783,-97.67244318,ENG;PRT;FUL,Active,US-OK,ALT
n5784780170,FALSE,OMA276,OMA274,OMA,41.37095822,-95.97873499,ENG;PRT;FUL,Active,US-NE,ALT
n5312731783,FALSE,ONT312,ONT310,ONT,34.23638727,-117.4580313,ENG;PRT;FUL,Active,US-CA,ALT
n3915096058,FALSE,ORD58,ORD56,ORD,41.86179255,-88.2741336,ENG;PRT;FUL,Active,US-IL,ALT
n3451929944,FALSE,ORF96,ORF94,ORF,36.79713344,-76.45888484,ENG;PRT;FUL,Active,US-VA,ALT
n5765948859,FALSE,PAM167,PAM165,PAM,29.99966672,-85.04821247,ENG;PRT;FUL,Active,US-FL,ALT
n1605928433,FALSE,PBI377,PBI375,PBI,26.86294896,-79.53713221,ENG;PRT;FUL,Active,US-FL,ALT
n4977570725,FALSE,PDX565,PDX563,PDX,45.3392391,-122.5968816,ENG;PRT;FUL,Active,US-OR,ALT
n6892932963,FALSE,PHF376,PHF374,PHF,37.44631434,-76.61559814,ENG;PRT;FUL,Active,US-VA,ALT
n2402978774,FALSE,PHL71,PHL69,PHL,39.65569053,-75.03989852,ENG;PRT;FUL,Active,US-PA,ALT
n5989969595,FALSE,PHX560,PHX558,PHX,33.31153535,-112.0899534,ENG;PRT;FUL,Active,US-AZ,ALT
n2628320520,FALSE,PIA126,PIA124,PIA,40.31153958,-89.35808961,ENG;PRT;FUL,Active,US-IL,ALT
n4303577469,FALSE,PIT570,PIT568,PIT,40.10337571,-80.37869955,ENG;PRT;FUL,Active,US-PA,ALT
n5741742532,FALSE,PVD317,PVD315,PVD,41.73359098,-71.67655467,ENG;PRT;FUL,Active,US-RI,ALT
n4178364916,FALSE,PWM407,PWM405,PWM,43.22371795,-70.51322816,ENG;PRT;FUL,Active,US-ME,ALT
n3495620692,FALSE,RDU518,RDU516,RDU,36.00402544,-79.13411682,ENG;PRT;FUL,Active,US-NC,ALT
n3261959813,FALSE,RFD158,RFD156,RFD,42.20369123,-89.07017419,ENG;PRT;FUL,Active,US-IL,ALT
n4354660501,FALSE,RIC105,RIC103,RIC,37.76890302,-77.06164298,ENG;PRT;FUL,Active,US-VA,ALT
n3769889843,FALSE,RND274,RND272,RND,29.85903605,-98.52964678,ENG;PRT;FUL,Active,US-TX,ALT
n6045525119,FALSE,RNO331,RNO329,RNO,39.52291278,-119.9670233,ENG;PRT;FUL,Active,US-NV,ALT
n4884009374,FALSE,ROA367,ROA365,ROA,36.51520195,-80.46761987,ENG;PRT;FUL,Active,US-VA,ALT
n6672811791,FALSE,ROC490,ROC488,ROC,43.52714661,-77.80566438,ENG;PRT;FUL,Active,US-NY,ALT
n3939608277,FALSE,RST37,RST35,RST,44.14398194,-92.66041764,ENG;PRT;FUL,Active,US-MN,ALT
n4170158509,FALSE,RSW402,RSW400,RSW,26.73457107,-81.70229803,ENG;PRT;FUL,Active,US-FL,ALT
n5697814753,FALSE,SAN280,SAN278,SAN,32.8990668,-117.2297968,ENG;PRT;FUL,Active,US-CA,ALT
n1759348677,FALSE,SAT390,SAT388,SAT,29.19066795,-98.42898614,ENG;PRT;FUL,Active,US-TX,ALT
n5305647060,FALSE,SAV11,SAV9,SAV,32.37760301,-81.07286911,ENG;PRT;FUL,Active,US-GA,ALT
n1619772354,FALSE,SBN505,SBN503,SBN,41.87514222,-86.51689774,ENG;PRT;FUL,Active,US-IN,ALT
n6010566261,FALSE,SDF485,SDF483,SDF,38.30223587,-85.91696242,ENG;PRT;FUL,Active,US-KY,ALT
n6214147434,FALSE,SEA571,SEA569,SEA,46.87898117,-122.8237619,ENG;PRT;FUL,Active,US-WA,ALT
n3984865783,FALSE,SFB576,SFB574,SFB,28.91151928,-80.79128564,ENG;PRT;FUL,Active,US-FL,ALT
n4961551355,FALSE,SFO112,SFO110,SFO,37.82160132,-122.7317115,ENG;PRT;FUL,Active,US-CA,ALT
n5899050695,FALSE,SGF589,SGF587,SGF,37.01467681,-93.96297463,ENG;PRT;FUL,Active,US-MO,ALT
n3838782157,FALSE,SJC160,SJC158,SJC,37.15715436,-122.3442299,ENG;PRT;FUL,Active,US-CA,ALT
n4023409758,FALSE,SKA280,SKA278,SKA,47.91552173,-117.7249821,ENG;PRT;FUL,Active,US-WA,ALT
n5951999742,FALSE,SLC426,SLC424,SLC,40.79433735,-112.4015968,ENG;PRT;FUL,Active,US-UT,ALT
n5118969960,FALSE,SMF17,SMF15,SMF,38.60787219,-121.6269141,ENG;PRT;FUL,Active,US-CA,ALT
n6699009777,FALSE,SNA501,SNA499,SNA,33.78321883,-117.7489105,ENG;PRT;FUL,Active,US-CA,ALT
n1545716680,FALSE,SPI89,SPI87,SPI,39.43474465,-90.01584347,ENG;PRT;FUL,Active,US-IL,ALT
n6899710862,FALSE,SPS293,SPS291,SPS,34.20553801,-98.48773525,ENG;PRT;FUL,Active,US-TX,ALT
n6834115898,FALSE,SRQ79,SRQ77,SRQ,27.46300533,-82.10090558,ENG;PRT;FUL,Active,US-FL,ALT
n4851443744,FALSE,SSC100,SSC98,SSC,34.29504969,-80.5776198,ENG;PRT;FUL,Active,US-SC,ALT
n6544673938,FALSE,STL96,STL94,STL,38.27624869,-90.28547696,ENG;PRT;FUL,Active,US-MO,ALT
n4548438342,FALSE,SUS88,SUS86,SUS,38.89162913,-91.09048606,ENG;PRT;FUL,Active,US-MO,ALT
n1538933205,FALSE,SUU139,SUU137,SUU,38.20325177,-121.7543881,ENG;PRT;FUL,Active,US-CA,ALT
n5687876647,FALSE,SUX466,SUX464,SUX,42.41587092,-96.62714465,ENG;PRT;FUL,Active,US-IA,ALT
n6975061552,FALSE,SYR87,SYR85,SYR,42.71329889,-76.01580732,ENG;PRT;FUL,Active,US-NY,ALT
n1169940515,FALSE,SZL547,SZL545,SZL,38.62173372,-93.50222898,ENG;PRT;FUL,Active,US-MO,ALT
n6801527413,FALSE,TCM314,TCM312,TCM,47.10886953,-122.187736,ENG;PRT;FUL,Active,US-WA,ALT
n3397261567,FALSE,TIK233,TIK231,TIK,34.98362681,-97.15727126,ENG;PRT;FUL,Active,US-OK,ALT
n1710163200,FALSE,TLH134,TLH132,TLH,30.68250623,-84.1054573,ENG;PRT;FUL,Active,US-FL,ALT
n3139549751,FALSE,TOL534,TOL532,TOL,41.69304612,-83.58845895,ENG;PRT;FUL,Active,US-OH,ALT
n1290250541,FALSE,TPA389,TPA387,TPA,27.72229285,-82.78185475,ENG;PRT;FUL,Active,US-FL,ALT
n4667936406,FALSE,TRI425,TRI423,TRI,36.1863606,-82.30589709,ENG;PRT;FUL,Active,US-TN,ALT
n2909230749,FALSE,TUL181,TUL179,TUL,36.35913512,-95.96281208,ENG;PRT;FUL,Active,US-OK,ALT
n5799690903,FALSE,TUS487,TUS485,TUS,31.84452483,-110.8232315,ENG;PRT;FUL,Active,US-AZ,ALT
n5280495520,FALSE,TYS520,TYS518,TYS,35.99343429,-83.65931796,ENG;PRT;FUL,Active,US-TN,ALT
n1436939048,FALSE,VBG535,VBG533,VBG,35.19110713,-120.7661814,ENG;PRT;FUL,Active,US-CA,ALT
n5531264943,FALSE,VPS352,VPS350,VPS,30.31206942,-86.55754601,ENG;PRT;FUL,Active,US-FL,ALT
n1809448984,FALSE,WRB277,WRB275,WRB,32.78381713,-83.60328089,ENG;PRT;FUL,Active,US-GA,ALT
n1170351646,FALSE,BA02465,BA02463,BA02,41.70091892,17.2593213,ENG;PRT;FUL,Active,IT-75,ALT
n3125011952,FALSE,CT03191,CT03189,CT03,37.71562104,14.68646356,ENG;PRT;FUL,Active,IT-82,ALT
n5738342823,FALSE,PA03490,PA03488,PA03,38.30386151,13.16632644,ENG;PRT;FUL,Active,IT-82,ALT
n6433150938,FALSE,CA07381,CA07379,CA07,39.89237901,9.25100038,ENG;PRT;FUL,Active,IT-88,ALT
n4249621498,FALSE,MI12410,MI12408,MI12,45.78167801,8.348983886,ENG;PRT;FUL,Active,IT-25,ALT
n3175247925,FALSE,BG01328,BG01326,BG01,45.529034,9.446063427,ENG;PRT;FUL,Active,IT-25,ALT
n6012847572,FALSE,TO11481,TO11479,TO11,45.20904468,7.565927857,ENG;PRT;FUL,Active,IT-21,ALT
n3085045161,FALSE,GE01190,GE01188,GE01,44.29826824,8.501615375,ENG;PRT;FUL,Active,IT-42,ALT
n1833514146,FALSE,MI1181,MI1179,MI11,45.53735555,9.478867177,ENG;PRT;FUL,Active,IT-25,ALT
n3310840528,FALSE,BO08169,BO08167,BO08,44.48412488,11.16002513,ENG;PRT;FUL,Active,IT-45,ALT
n1763291647,FALSE,TV01313,TV01311,TV01,45.58104092,12.25345394,ENG;PRT;FUL,Active,IT-34,ALT
n5484672602,FALSE,VR10159,VR10157,VR10,45.31269457,10.87687547,ENG;PRT;FUL,Active,IT-34,ALT
n4418630955,FALSE,VE05366,VE05364,VE05,45.74580089,12.01440114,ENG;PRT;FUL,Active,IT-34,ALT
n3231216319,FALSE,RM1241,RM1239,RM12,41.86471207,12.42359476,ENG;PRT;FUL,Active,IT-62,ALT
n1467822480,FALSE,RM11507,RM11505,RM11,41.52687142,11.96098869,ENG;PRT;FUL,Active,IT-62,ALT
n6598987727,FALSE,NA01322,NA01320,NA01,40.99575718,14.22819532,ENG;PRT;FUL,Active,IT-72,ALT
n1792360102,FALSE,PI05414,PI05412,PI05,43.95621566,10.64023515,ENG;PRT;FUL,Active,IT-52,ALT
n3032438972,FALSE,ME1275,ME1273,ME1,19.58687256,-98.99796955,ENG;PRT;FUL,Active,MX-DIF,ALT
n5321280025,FALSE,FAI574,FAI572,FAI,64.67573112,-148.0441159,ENG;PRT;FUL,Active,US-AK,ALT
n1262167561,FALSE,ANC299,ANC297,ANC,61.10381356,-150.0645304,ENG;PRT;FUL,Active,US-AK,ALT
n2494149838,FALSE,GUM113,GUM111,GUM,13.68359297,144.8929577,ENG;PRT;FUL,Active,GU-U-A,ALT
n2465928983,FALSE,HNL301,HNL299,HNL,21.77435425,-157.4241569,ENG;PRT;FUL,Active,US-HI,ALT
n2746059690,FALSE,OPIS18,OPIS16,OPIS,33.45541456,73.11949594,ENG;PRT;FUL,Active,PK-PB,ALT
n2450921424,FALSE,XHBU485,XHBU483,XHBU,51.39247243,128.3524544,ENG;PRT;FUL,Active,RU-AMU,ALT
n1393710977,FALSE,XLMO168,XLMO166,XLMO,67.90814594,33.44587189,ENG;PRT;FUL,Active,RU-MUR,ALT
n3640168438,FALSE,EZE389,EZE387,EZE,-34.37814,-58.85656665,ENG;PRT;FUL,Active,AR-B,ALT
n3183423789,FALSE,UIO494,UIO492,UIO,0.016045639,-78.55684932,ENG;PRT;FUL,Active,EC-P,ALT
n6722256933,FALSE,BOG124,BOG122,BOG,4.792692536,-74.36506044,ENG;PRT;FUL,Active,CO-CUN,ALT
n4373501215,FALSE,SJU557,SJU555,SJU,18.34999168,-66.19190574,ENG;PRT;FUL,Active,PR-U-A,ALT
n3429546625,FALSE,DTNH554,DTNH552,DTNH,36.70616899,10.180792,ENG;PRT;FUL,Active,TN-51,ALT
n2544381188,FALSE,VCRI324,VCRI322,VCRI,6.622036495,81.07489059,ENG;PRT;FUL,Active,LK-3,ALT